<?xml version="1.0" encoding="UTF-8"?>
<project-private xmlns="http://www.netbeans.org/ns/project-private/1">
    <editor-bookmarks xmlns="http://www.netbeans.org/ns/editor-bookmarks/2" lastBookmarkId="0"/>
    <open-files xmlns="http://www.netbeans.org/ns/projectui-open-files/2">
        <group>
            <file>file:/home/omar/NetBeansProjects/Observador/src/observador/ConjuntoEnteros.java</file>
            <file>file:/home/omar/NetBeansProjects/Observador/src/observador/prueba.java</file>
            <file>file:/home/omar/NetBeansProjects/Observador/src/observador/ObservadorImprimir.java</file>
            <file>file:/home/omar/NetBeansProjects/Observador/src/observador/ObservadorTotalizar.java</file>
            <file>file:/home/omar/NetBeansProjects/Observador/src/observador/ObservadorGraficar.java</file>
        </group>
    </open-files>
</project-private>
