<?xml version="1.0" encoding="UTF-8"?>
<project-private xmlns="http://www.netbeans.org/ns/project-private/1">
    <editor-bookmarks xmlns="http://www.netbeans.org/ns/editor-bookmarks/2" lastBookmarkId="0"/>
    <open-files xmlns="http://www.netbeans.org/ns/projectui-open-files/2">
        <group>
            <file>file:/home/omar/NetBeansProjects/citasPacientes/web/index.html</file>
            <file>file:/home/omar/NetBeansProjects/citasPacientes/src/java/mx/edu/itoaxaca/citas/control/Pacientes.java</file>
            <file>file:/home/omar/NetBeansProjects/citasPacientes/src/java/mx/edu/itoaxaca/citas/control/AltaPaciente.java</file>
            <file>file:/home/omar/NetBeansProjects/citasPacientes/web/altaPaciente.jsp</file>
            <file>file:/home/omar/NetBeansProjects/citasPacientes/src/conf/persistence.xml</file>
            <file>file:/home/omar/NetBeansProjects/citasPacientes/src/java/mx/edu/itoaxaca/citas/modelo/Paciente.java</file>
            <file>file:/home/omar/NetBeansProjects/citasPacientes/src/java/mx/edu/itoaxaca/citas/control/PacientesJpaController.java</file>
        </group>
    </open-files>
</project-private>
