<?xml version="1.0" encoding="UTF-8"?>
<project-private xmlns="http://www.netbeans.org/ns/project-private/1">
    <editor-bookmarks xmlns="http://www.netbeans.org/ns/editor-bookmarks/2" lastBookmarkId="0"/>
    <open-files xmlns="http://www.netbeans.org/ns/projectui-open-files/2">
        <group>
            <file>file:/home/omar/NetBeansProjects/IteratorPattern/src/iteratorpattern/DinerMenuIterator.java</file>
            <file>file:/home/omar/NetBeansProjects/IteratorPattern/src/iteratorpattern/PancakeHouseMenuIterator.java</file>
            <file>file:/home/omar/NetBeansProjects/IteratorPattern/src/iteratorpattern/Waitress.java</file>
            <file>file:/home/omar/NetBeansProjects/IteratorPattern/src/iteratorpattern/DinerMenu.java</file>
            <file>file:/home/omar/NetBeansProjects/IteratorPattern/src/iteratorpattern/IteratorPattern.java</file>
            <file>file:/home/omar/NetBeansProjects/IteratorPattern/src/iteratorpattern/Menu.java</file>
            <file>file:/home/omar/NetBeansProjects/IteratorPattern/src/iteratorpattern/PancakeHouseMenu.java</file>
        </group>
    </open-files>
</project-private>
