<?xml version="1.0" encoding="UTF-8"?>
<project-private xmlns="http://www.netbeans.org/ns/project-private/1">
    <editor-bookmarks xmlns="http://www.netbeans.org/ns/editor-bookmarks/2" lastBookmarkId="0"/>
    <open-files xmlns="http://www.netbeans.org/ns/projectui-open-files/2">
<<<<<<< HEAD
        <group/>
=======
        <group>
            <file>file:/home/omar/NetBeansProjects/DecoradorVentana/src/decoradorventana/DecoradorVentana.java</file>
        </group>
>>>>>>> b630b095ecd2682a7c3442343674d3ccf3277ae6
    </open-files>
</project-private>
