<?xml version="1.0" encoding="UTF-8"?>
<project-private xmlns="http://www.netbeans.org/ns/project-private/1">
    <editor-bookmarks xmlns="http://www.netbeans.org/ns/editor-bookmarks/2" lastBookmarkId="0"/>
    <open-files xmlns="http://www.netbeans.org/ns/projectui-open-files/2">
        <group>
            <file>file:/home/omar/NetBeansProjects/citasMedicas/src/java/mx/edu/itoaxaca/citasMedicas/control/AltaPaciente.java</file>
            <file>file:/home/omar/NetBeansProjects/citasMedicas/src/java/mx/edu/itoaxaca/citasMedicas/modelo/Citas.java</file>
            <file>file:/home/omar/NetBeansProjects/citasMedicas/src/java/mx/edu/itoaxaca/citasMedicas/modelo/Pacientes.java</file>
            <file>file:/home/omar/NetBeansProjects/citasMedicas/src/java/mx/edu/itoaxaca/citasMedicas/control/PacientesJpaController.java</file>
            <file>file:/home/omar/NetBeansProjects/citasMedicas/web/altaPaciente.jsp</file>
            <file>file:/home/omar/NetBeansProjects/citasMedicas/src/java/mx/edu/itoaxaca/citasMedicas/control/AgregarCita.java</file>
            <file>file:/home/omar/NetBeansProjects/citasMedicas/web/index.html</file>
            <file>file:/home/omar/NetBeansProjects/citasMedicas/web/agregarCita.jsp</file>
            <file>file:/home/omar/NetBeansProjects/citasMedicas/web/listaPacientes.jsp</file>
            <file>file:/home/omar/NetBeansProjects/citasMedicas/src/java/mx/edu/itoaxaca/citasMedicas/control/ListaPacientes.java</file>
            <file>file:/home/omar/NetBeansProjects/citasMedicas/src/java/mx/edu/itoaxaca/citasMedicas/control/ElegirCita.java</file>
            <file>file:/home/omar/NetBeansProjects/citasMedicas/src/java/mx/edu/itoaxaca/citasMedicas/control/CitasJpaController.java</file>
        </group>
    </open-files>
</project-private>
