<?xml version="1.0" encoding="UTF-8"?>
<project-private xmlns="http://www.netbeans.org/ns/project-private/1">
    <editor-bookmarks xmlns="http://www.netbeans.org/ns/editor-bookmarks/2" lastBookmarkId="0"/>
    <open-files xmlns="http://www.netbeans.org/ns/projectui-open-files/2">
        <group>
            <file>file:/home/omar/NetBeansProjects/citasMedicas/src/java/mx/edu/itoaxaca/citasMedicas/control/EditCita.java</file>
            <file>file:/home/omar/NetBeansProjects/citasMedicas/src/java/mx/edu/itoaxaca/citasMedicas/control/AltaPaciente.java</file>
            <file>file:/home/omar/NetBeansProjects/citasMedicas/src/java/mx/edu/itoaxaca/citasMedicas/control/AltaCita.java</file>
            <file>file:/home/omar/NetBeansProjects/citasMedicas/src/java/mx/edu/itoaxaca/citasMedicas/control/EditarCita.java</file>
            <file>file:/home/omar/NetBeansProjects/citasMedicas/src/java/mx/edu/itoaxaca/citasMedicas/control/BuscarPorNombre.java</file>
            <file>file:/home/omar/NetBeansProjects/citasMedicas/src/java/mx/edu/itoaxaca/citasMedicas/control/VerConsultas.java</file>
            <file>file:/home/omar/NetBeansProjects/citasMedicas/src/java/mx/edu/itoaxaca/citasMedicas/control/VerCitas.java</file>
            <file>file:/home/omar/NetBeansProjects/citasMedicas/web/index.html</file>
            <file>file:/home/omar/NetBeansProjects/citasMedicas/src/java/mx/edu/itoaxaca/citasMedicas/control/CitasJpaController.java</file>
            <file>file:/home/omar/NetBeansProjects/citasMedicas/src/java/mx/edu/itoaxaca/citasMedicas/control/ConsultasJpaController.java</file>
        </group>
    </open-files>
</project-private>
