<?xml version="1.0" encoding="UTF-8"?>
<project-private xmlns="http://www.netbeans.org/ns/project-private/1">
    <editor-bookmarks xmlns="http://www.netbeans.org/ns/editor-bookmarks/2" lastBookmarkId="0"/>
    <open-files xmlns="http://www.netbeans.org/ns/projectui-open-files/2">
        <group>
            <file>file:/home/omar/NetBeansProjects/BibliotecaPatrones/src/biblioteca/decoradorYfactoryMethod/UsuarioRegistrado.java</file>
            <file>file:/home/omar/NetBeansProjects/BibliotecaPatrones/src/biblioteca/composite/JuegoDeMesa.java</file>
            <file>file:/home/omar/NetBeansProjects/BibliotecaPatrones/src/biblioteca/singleton/Biblioteca.java</file>
            <file>file:/home/omar/NetBeansProjects/BibliotecaPatrones/src/biblioteca/composite/Revista.java</file>
            <file>file:/home/omar/NetBeansProjects/BibliotecaPatrones/src/biblioteca/decoradorYfactoryMethod/Decorador.java</file>
            <file>file:/home/omar/NetBeansProjects/BibliotecaPatrones/src/biblioteca/estrategia/ComportamientoPrestar.java</file>
            <file>file:/home/omar/NetBeansProjects/BibliotecaPatrones/src/biblioteca/decoradorYfactoryMethod/DecoradorRegistrado.java</file>
            <file>file:/home/omar/NetBeansProjects/BibliotecaPatrones/src/biblioteca/composite/Coleccion.java</file>
            <file>file:/home/omar/NetBeansProjects/BibliotecaPatrones/src/biblioteca/composite/Libro.java</file>
            <file>file:/home/omar/NetBeansProjects/BibliotecaPatrones/src/biblioteca/decoradorYfactoryMethod/DecoradorGeneral.java</file>
            <file>file:/home/omar/NetBeansProjects/BibliotecaPatrones/src/biblioteca/estrategia/PrestarDefault.java</file>
            <file>file:/home/omar/NetBeansProjects/BibliotecaPatrones/src/biblioteca/ejecutable/PruebaVentana.java</file>
            <file>file:/home/omar/NetBeansProjects/BibliotecaPatrones/src/biblioteca/estrategia/PrestarRestringido.java</file>
            <file>file:/home/omar/NetBeansProjects/BibliotecaPatrones/src/biblioteca/ejecutable/AgregarObjetos.java</file>
            <file>file:/home/omar/NetBeansProjects/BibliotecaPatrones/src/biblioteca/composite/BookComponent.java</file>
            <file>file:/home/omar/NetBeansProjects/BibliotecaPatrones/src/biblioteca/decoradorYfactoryMethod/VentanaVisitante.java</file>
        </group>
    </open-files>
</project-private>
