<?xml version="1.0" encoding="UTF-8"?>
<project-private xmlns="http://www.netbeans.org/ns/project-private/1">
    <editor-bookmarks xmlns="http://www.netbeans.org/ns/editor-bookmarks/2" lastBookmarkId="0"/>
    <open-files xmlns="http://www.netbeans.org/ns/projectui-open-files/2">
<<<<<<< HEAD
        <group/>
=======
        <group>
            <file>file:/C:/Users/admin/Documents/NetBeansProjects/strategyPattern/src/strategypattern/Multiplicable.java</file>
            <file>file:/C:/Users/admin/Documents/NetBeansProjects/strategyPattern/src/strategypattern/Punto.java</file>
            <file>file:/C:/Users/admin/Documents/NetBeansProjects/strategyPattern/src/strategypattern/MultiplicarDirecto.java</file>
            <file>file:/C:/Users/admin/Documents/NetBeansProjects/strategyPattern/src/strategypattern/SumarSiIguales.java</file>
            <file>file:/C:/Users/admin/Documents/NetBeansProjects/strategyPattern/src/strategypattern/Sumable.java</file>
            <file>file:/C:/Users/admin/Documents/NetBeansProjects/strategyPattern/src/strategypattern/Test.java</file>
            <file>file:/C:/Users/admin/Documents/NetBeansProjects/strategyPattern/src/strategypattern/NoMultiplicar.java</file>
            <file>file:/C:/Users/admin/Documents/NetBeansProjects/strategyPattern/src/strategypattern/ParMatematico.java</file>
            <file>file:/C:/Users/admin/Documents/NetBeansProjects/strategyPattern/src/strategypattern/Complejo.java</file>
            <file>file:/C:/Users/admin/Documents/NetBeansProjects/strategyPattern/src/strategypattern/SumarReciprocamente.java</file>
        </group>
>>>>>>> b630b095ecd2682a7c3442343674d3ccf3277ae6
    </open-files>
</project-private>
